,m,k,n,batch_size,alg_id,sparse_latency (ms),dense_latency (ms),speedup (d/s)
0,768,3072,768,16,0,0.1635464415885508,0.26193372113630176,1.6015861830566336
1,768,3072,768,32,0,0.32117987098172307,0.5079836077056825,1.5816171983411427
2,768,3072,768,48,0,0.4576589590869844,0.7493608398362994,1.6373782812670188
3,768,3072,768,64,0,0.6129958247765899,0.9925404004752635,1.619163394525568
4,768,3072,768,80,0,0.7600082503631711,1.2366492603905501,1.627152415516036
5,768,3072,768,96,0,0.8940629102289677,1.4763474417850375,1.6512791492568997
6,768,3072,768,112,0,1.0422775195911524,1.7234693537466228,1.6535609003854146
7,768,3072,768,128,2,1.2027170252986252,1.9929477246478202,1.6570379255693888
