,m,k,n,eval_batch_size,init_batch_size,alg_id,sparse_latency (ms),dense_latency (ms),speedup (d/s)
0,768,3072,768,4,4,0,0.05205628601834178,0.07592050172388554,1.4584310086419787
1,768,3072,768,16,16,0,0.16241714218631387,0.26310195215046406,1.6199149215952307
2,768,3072,768,64,64,0,0.6116027110256255,0.9899360267445446,1.6185932614400518
3,768,3072,768,256,256,0,2.366811861284077,3.910373016260564,1.6521689282641383
4,3072,768,3072,4,4,1,0.21457923110574484,0.2699543838389218,1.2580638976466834
5,3072,768,3072,16,16,1,0.819505387917161,1.0103717423044145,1.2329043313215498
6,3072,768,3072,64,64,1,3.2491998188197613,4.072695621289313,1.253445724605721
7,3072,768,3072,256,256,1,12.933617131784558,16.314158914610744,1.261376361181935
