,m,k,n,eval_batch_size,init_batch_size,alg_id,sparse_latency (ms),dense_latency (ms),speedup (d/s)
0,768,3072,3072,4,4,0,0.16262891702353954,0.2628520508296788,1.6162688385340016
1,768,3072,3072,16,16,0,0.6094027450308204,0.9906502021476625,1.6256083685634872
2,768,3072,3072,64,64,0,2.3322584200650454,3.928188309073448,1.6842851869579243
3,768,3072,3072,256,256,0,9.23190675675869,14.60189090576023,1.5816766016478847
4,3072,768,3072,4,4,1,0.21518569812178612,0.2758668060414493,1.281994149468615
5,3072,768,3072,16,16,1,0.8257602900266647,1.0196781787090003,1.2348355703518679
6,3072,768,3072,64,64,1,3.2796172704547644,4.084493010304868,1.2454175818321924
7,3072,768,3072,256,256,1,13.09098661877215,16.35063339490443,1.2489993207584544
