,m,k,n,eval_batch_size,init_batch_size,alg_id,sparse_latency (ms),dense_latency (ms),speedup (d/s)
0,3072,1024,16384,1,1,2,0.33634108817204833,0.4453022787347436,1.3239603913838753
1,4096,1024,16384,1,1,2,0.44437735388055444,0.6182089089415967,1.391180048990001
2,1024,1024,16384,1,1,2,0.2803436410613358,0.36802503606304526,1.3127639873326957
3,1024,4096,16384,1,1,0,0.34801558312028646,0.5921524739824235,1.7015113767987646
