,m,k,n,eval_batch_size,init_batch_size,alg_id,sparse_latency (ms),dense_latency (ms),speedup (d/s)
0,3072,1024,16384,1,1,2,0.3992259968072176,0.4428996383212507,1.1093957855032237
1,4096,1024,16384,1,1,2,0.5287109990604222,0.6151977670378983,1.1635804213098888
2,1024,1024,16384,1,1,2,0.14232268440537152,0.18939696624875071,1.330757405539791
3,1024,4096,16384,1,1,0,0.36883935099467635,0.5889723631553352,1.5968262647871219
