,m,k,n,eval_batch_size,init_batch_size,alg_id,sparse_latency (ms),dense_latency (ms),speedup (d/s)
0,3072,1024,16384,1,1,2,0.3359897183254361,0.44147160509601235,1.3139437935669436
1,4096,1024,16384,1,1,2,0.4451160589233041,0.6160517502576113,1.3840249928249846
2,1024,1024,16384,1,1,2,0.11770198983140291,0.1903986940160394,1.617633604060286
3,1024,4096,16384,1,1,0,0.34413069393485785,0.5916578136384487,1.7192823077573154
