,m,k,n,dtype,sparse_latency (ms),dense_latency (ms),addmm_latency(ms),speedup (d/s),correct
0,3072,1024,16384,torch.float16,7.882486376911402,0.4450259730219841,0.32069446705281734,0.056514020791692786,True
1,4096,1024,16384,torch.float16,10.135805808240548,0.5584538364782929,0.4179383357986808,0.05515222971816278,True
2,1024,1024,16384,torch.float16,3.3232338730897757,0.17660690704360604,0.11220244830474257,0.05319623014864291,True
3,1024,4096,16384,torch.float16,8.237280488666146,0.5302776647731662,0.2998373433947563,0.06443970715435629,True
