,m,k,n,batch_size,alg_id,sparse_latency (ms),dense_latency (ms),speedup (d/s)
0,3072,1024,16384,1,2,0.3353665107861161,0.4422439932823181,1.3186885960845516
1,4096,1024,16384,1,2,0.44298697216436267,0.6157039874233305,1.3898918616389564
2,1024,1024,16384,1,2,0.11816612281836571,0.1900319019332528,1.6081758240079749
3,1024,4096,16384,1,0,0.3466185969300568,0.5931188720278442,1.7111570968234229
