,m,k,n,eval_batch_size,init_batch_size,alg_id,sparse_latency (ms),dense_latency (ms),speedup (d/s)
0,3072,1024,16384,1,1,2,0.40080139972269535,0.442934010643512,1.1051209176164734
1,4096,1024,16384,1,1,2,0.5301445364020765,0.6160603919997811,1.1620611921812651
2,1024,1024,16384,1,1,2,0.14177350653335452,0.19067107397131622,1.344899189091142
3,1024,4096,16384,1,1,0,0.37047137692570686,0.5910290461033583,1.595343346111949
