,m,k,n,dtype,sparse_latency (ms),dense_latency (ms),speedup (d/s),correct
0,3072,1024,16384,torch.float16,0.3200920530334115,0.4470460116863251,1.398013644691459,True
1,4096,1024,16384,torch.float16,0.4180963692059741,0.5599835412576795,1.3407041201134824,True
2,1024,1024,16384,torch.float16,0.11201955277379602,0.17650715680792928,1.5772573590033796,True
3,1024,4096,16384,torch.float16,0.3002090808199719,0.5317805055528879,1.773138522673988,True
