,m,k,n,eval_batch_size,init_batch_size,alg_id,sparse_latency (ms),dense_latency (ms),speedup (d/s)
0,3072,1024,16384,1,1,2,0.3370525701902807,0.44296276895329356,1.3142245694884391
1,4096,1024,16384,1,1,2,0.44489903887733817,0.6148160337470472,1.3819225937158213
2,1024,1024,16384,1,1,2,0.11767329764552413,0.19068590202368796,1.6204687540762648
3,1024,4096,16384,1,1,0,0.34388830699026585,0.5927703231573105,1.7237292199472474
