,m,k,n,eval_batch_size,init_batch_size,alg_id,sparse_latency (ms),dense_latency (ms),speedup (d/s)
0,3072,1024,16384,1,1,2,0.3362581040710211,0.44277210999280214,1.3167626434344144
1,4096,1024,16384,1,1,2,0.4418017980642617,0.6163791017606854,1.3951484680717186
2,1024,1024,16384,1,1,2,0.11773212300613523,0.1891757259145379,1.6068318576458493
3,1024,4096,16384,1,1,0,0.3434306322596967,0.5909241661429405,1.7206507242955926
